Top queries,Clicks,Impressions,CTR,Position
best hot sauce for fried chicken,0,8,0%,78
hot chicken sandwich,0,6,0%,78.83
best hot sauce for wings,0,5,0%,97.4
nashville chicken sandwich recipe,0,3,0%,75.67
nashville hot sandwich,0,3,0%,77.67
nashville hot chicken sandwich sauce,0,3,0%,83
hot sauce for fish,0,2,0%,59.5
how to select a spicy sauce for seafood dishes and ceviche?,0,1,0%,5
how to make hot chicken sandwich,0,1,0%,60
best hot sauce for fish,0,1,0%,64
how to make hot chicken sandwiches,0,1,0%,68
nashville style hot chicken sandwich,0,1,0%,69
old fashioned hot chicken sandwich recipe,0,1,0%,69
nashville hot chicken sandwiches,0,1,0%,76
tennessee hot chicken sandwich,0,1,0%,76
nashville chicken sandwich,0,1,0%,78
nashville hot chicken sandwich,0,1,0%,79
how to make a hot chicken sandwich,0,1,0%,83
nashville hot chicken sandwich recipe,0,1,0%,84
best hot chicken sandwich recipe,0,1,0%,93
best hot chicken sandwich in nashville,0,1,0%,94